employee_id,university,graduation_grade,department,job_title,start_date,performance_score,years_of_experience,age,salary
1,CalTech,2.65,HR,HR Coordinator,2023-02-03,72.61,4.4,43,108293.92
2,UC Berkeley,3.85,Customer Support,HR Coordinator,2023-06-16,67.21,6.0,40,76096.83
3,Georgia Tech,3.26,Marketing,Marketing Specialist,2020-06-06,53.34,5.9,46,64624.96
4,Carnegie Mellon,3.74,Data Science,Data Scientist,2021-12-10,84.74,8.1,26,11757.09
5,CalTech,2.98,Customer Support,Sales Representative,2021-08-25,69.89,4.8,29,74079.66
6,University of Michigan,3.84,Marketing,Product Manager,2021-07-21,67.4,10.0,28,70038.09
7,Harvard University,3.08,Product,Customer Support Specialist,2022-07-25,77.11,0.6,35,52573.84
8,CalTech,2.52,Customer Support,Marketing Specialist,2024-07-05,80.12,0.0,45,58173.83
9,Georgia Tech,3.86,Product,Data Scientist,2022-05-28,71.79,6.4,44,74334.08
10,Carnegie Mellon,2.64,Sales,HR Coordinator,2020-04-03,74.97,3.0,24,60294.09
11,UC Berkeley,2.98,Sales,Data Analyst,2022-03-11,82.46,2.4,39,89296.95
12,Georgia Tech,3.93,Engineering,Customer Support Specialist,2020-11-26,71.4,3.1,37,56280.41
13,Georgia Tech,3.93,HR,Data Scientist,2024-03-31,78.02,2.6,44,78865.21
14,Harvard University,3.36,Customer Support,Data Scientist,2023-04-27,58.41,0.3,40,104501.13
15,Princeton University,3.45,Product,Marketing Specialist,2023-01-11,62.59,9.7,40,74085.1
16,Carnegie Mellon,3.17,Marketing,Customer Support Specialist,2020-07-27,81.06,2.2,39,83899.43
17,MIT,2.94,Sales,Senior Engineer,2023-08-03,62.06,7.3,41,82316.28
18,Georgia Tech,2.99,HR,Sales Representative,2021-10-23,77.34,7.6,37,75199.92
19,Princeton University,3.51,Sales,Senior Engineer,2021-06-27,73.53,9.3,29,73324.82
20,MIT,3.63,Marketing,Customer Support Specialist,2023-01-25,71.36,0.3,49,60715.64
21,Carnegie Mellon,3.69,HR,Senior Engineer,2023-03-08,66.72,8.7,22,78775.31
22,Stanford University,3.68,HR,Junior Engineer,2023-02-06,84.09,5.3,38,67918.31
23,University of Michigan,2.64,Product,HR Coordinator,2023-02-05,92.3,6.3,33,113652.25
24,Princeton University,3.24,Product,Junior Engineer,2020-12-03,78.0,6.4,42,95278.58
25,Cornell University,2.59,Customer Support,Financial Analyst,2022-09-15,78.22,8.2,32,38680.1
26,Stanford University,3.32,Customer Support,Senior Engineer,2020-04-24,68.18,3.3,26,40071.05
27,University of Michigan,3.16,Finance,Financial Analyst,2023-10-06,63.04,7.3,48,71738.5
28,Harvard University,3.83,Data Science,Data Analyst,2022-03-16,74.6,5.3,33,65117.36
29,CalTech,3.03,Finance,Product Manager,2020-11-10,65.26,7.9,38,70420.15
30,UC Berkeley,2.68,Engineering,Data Analyst,2021-09-01,57.27,9.9,27,91279.04
31,Cornell University,2.71,Sales,Customer Support Specialist,2020-09-03,83.03,2.0,22,82893.4
32,Harvard University,3.64,Customer Support,Data Scientist,2023-02-17,83.52,9.9,26,82640.73
33,Carnegie Mellon,3.43,Product,HR Coordinator,2022-04-04,66.41,0.9,46,111154.87
34,Harvard University,2.65,Marketing,Senior Engineer,2023-04-18,77.44,0.0,49,40277.71
35,CalTech,2.63,Product,Marketing Specialist,2021-11-23,85.02,0.4,35,77598.47
36,Carnegie Mellon,3.55,Sales,Product Manager,2023-07-08,77.05,3.4,26,60523.69
37,Cornell University,2.61,Finance,Sales Representative,2023-09-14,63.07,6.3,43,110885.89
38,CalTech,3.73,Product,Sales Representative,2021-05-30,72.67,0.7,45,19766.21
39,MIT,3.56,Data Science,Sales Representative,2022-05-22,88.27,0.1,48,20862.96
40,UC Berkeley,2.62,Engineering,Senior Engineer,2022-10-20,77.47,9.4,22,82615.91
41,Cornell University,2.63,Sales,Sales Representative,2021-03-25,80.39,8.2,39,103157.41
42,MIT,3.98,Finance,Junior Engineer,2024-03-10,78.42,8.1,37,94331.36
43,University of Michigan,3.06,Data Science,Product Manager,2020-06-21,66.44,8.8,30,54975.48
44,Cornell University,3.06,Marketing,Junior Engineer,2020-04-21,68.79,7.0,40,112660.54
45,University of Michigan,3.72,Finance,Data Scientist,2020-08-03,78.39,1.0,43,44213.28
46,Carnegie Mellon,3.92,HR,Product Manager,2021-01-30,83.17,4.0,26,107687.1
47,MIT,3.98,Data Science,Junior Engineer,2023-03-02,86.0,7.2,48,47519.29
48,UC Berkeley,3.63,Data Science,Product Manager,2021-08-25,66.42,2.8,23,66204.4
49,CalTech,3.06,Engineering,Data Scientist,2020-01-17,79.33,6.9,36,90981.74
50,Georgia Tech,2.63,Sales,Financial Analyst,2023-08-27,86.87,0.2,28,38344.8
51,Harvard University,3.67,Marketing,Senior Engineer,2022-03-05,65.13,3.1,25,111725.58
52,Stanford University,3.34,Engineering,Senior Engineer,2021-05-04,89.87,5.5,22,66051.4
53,UC Berkeley,3.14,Finance,Sales Representative,2022-12-29,91.39,6.3,34,78431.9
54,MIT,3.86,Engineering,Data Analyst,2024-01-31,100.0,5.8,41,104055.02
55,Georgia Tech,2.67,Data Science,Sales Representative,2020-08-26,77.31,7.0,43,55171.87
56,UC Berkeley,3.24,Sales,Customer Support Specialist,2020-07-08,77.36,0.1,28,101520.34
57,MIT,2.52,Customer Support,Junior Engineer,2021-07-05,83.27,1.0,36,116013.34
58,Princeton University,3.2,Engineering,Product Manager,2021-10-29,82.98,8.7,44,58610.53
59,Princeton University,2.58,HR,Data Analyst,2023-05-24,86.26,6.8,35,109234.69
60,University of Michigan,2.68,Engineering,Data Scientist,2024-02-14,82.84,1.1,44,30985.54
61,UC Berkeley,2.68,Finance,Customer Support Specialist,2021-08-25,73.94,8.4,40,84740.01
62,Princeton University,3.47,Finance,Data Scientist,2023-03-18,87.22,2.4,43,44285.04
63,MIT,3.62,Marketing,Senior Engineer,2022-02-26,64.29,4.8,45,98564.21
64,University of Michigan,3.38,Finance,Senior Engineer,2024-10-23,75.06,1.5,41,96511.4
65,MIT,3.94,Product,Sales Representative,2022-11-15,90.64,7.1,45,126934.5
66,University of Michigan,3.06,Sales,Junior Engineer,2020-01-29,62.5,6.7,39,110532.07
67,UC Berkeley,2.93,Sales,Data Analyst,2023-12-11,68.23,2.1,31,70855.72
68,Georgia Tech,3.8,Customer Support,HR Coordinator,2020-04-03,81.72,8.6,30,47956.31
69,CalTech,2.84,Customer Support,Customer Support Specialist,2024-09-16,78.94,4.0,46,89142.18
70,Cornell University,3.94,Sales,Customer Support Specialist,2023-02-19,66.25,2.9,29,73481.71
71,Georgia Tech,2.52,HR,Sales Representative,2021-02-20,70.84,1.5,47,113778.88
72,Carnegie Mellon,3.95,Customer Support,Senior Engineer,2021-11-30,63.19,2.7,31,20840.48
73,MIT,2.56,Marketing,Sales Representative,2023-09-30,84.8,0.2,38,129701.42
74,Carnegie Mellon,3.84,Finance,Product Manager,2022-03-05,72.44,5.8,23,88299.77
75,Georgia Tech,3.29,Sales,Data Analyst,2022-12-21,92.92,8.4,27,54674.7
76,University of Michigan,3.99,Data Science,Junior Engineer,2019-12-20,75.81,5.5,47,93349.73
77,Cornell University,2.61,Customer Support,Financial Analyst,2023-05-17,72.8,2.2,26,107435.54
78,Cornell University,3.33,Sales,Marketing Specialist,2022-08-23,71.83,0.3,49,77858.67
79,Stanford University,3.95,Product,Marketing Specialist,2020-05-07,72.56,2.1,30,30876.99
80,Cornell University,3.28,Engineering,Sales Representative,2022-04-17,76.11,4.2,26,67653.82
81,CalTech,3.44,Finance,Product Manager,2023-06-30,100.0,7.6,39,100984.88
82,Cornell University,3.54,Sales,Data Analyst,2023-09-27,71.61,1.9,47,87416.62
83,Georgia Tech,3.18,Engineering,HR Coordinator,2020-08-18,71.94,7.2,41,71087.32
84,Stanford University,3.44,Customer Support,Marketing Specialist,2024-06-21,75.66,8.7,30,107707.9
85,Georgia Tech,3.38,Engineering,Data Analyst,2024-07-02,85.9,4.5,38,93482.65
86,Georgia Tech,3.85,Finance,Junior Engineer,2022-10-14,60.79,8.2,48,95408.48
87,Harvard University,2.57,Sales,Data Scientist,2021-06-23,79.55,5.5,38,64734.13
88,Stanford University,2.92,Product,Product Manager,2020-02-27,66.83,6.4,33,62315.41
89,Georgia Tech,3.93,HR,Senior Engineer,2020-07-26,80.53,5.3,28,32501.01
90,Harvard University,3.84,Customer Support,Data Analyst,2024-09-22,70.06,4.6,48,68515.21
91,Harvard University,3.18,Sales,Junior Engineer,2022-02-18,51.96,2.3,24,98384.8
92,Stanford University,3.43,Finance,HR Coordinator,2023-11-13,78.7,3.0,31,69897.67
93,Carnegie Mellon,2.92,Customer Support,Financial Analyst,2024-10-01,78.61,2.9,23,86138.47
94,University of Michigan,2.78,Marketing,Senior Engineer,2021-05-25,69.21,5.6,46,102779.98
95,CalTech,3.2,Engineering,Financial Analyst,2023-12-22,68.62,1.2,24,84320.82
96,University of Michigan,3.03,HR,HR Coordinator,2021-10-01,61.89,9.2,37,86762.87
97,Cornell University,3.38,Finance,Junior Engineer,2022-12-02,82.73,7.2,23,41054.44
98,CalTech,2.62,Marketing,Marketing Specialist,2021-08-20,83.82,4.0,49,66935.88
99,Cornell University,3.96,Data Science,Financial Analyst,2022-10-20,66.21,1.6,45,118165.66
100,Georgia Tech,3.98,Sales,Senior Engineer,2023-03-25,69.6,8.8,31,77594.93
101,MIT,3.55,Product,Sales Representative,2021-07-14,74.37,8.2,27,122418.45
102,Stanford University,3.3,Customer Support,Customer Support Specialist,2023-12-10,97.71,7.2,43,56922.11
103,CalTech,2.96,Engineering,Data Analyst,2020-10-25,80.45,2.7,47,80848.69
104,CalTech,3.72,Customer Support,Marketing Specialist,2019-12-03,65.57,4.0,32,65433.04
105,Georgia Tech,3.53,HR,Financial Analyst,2024-08-04,78.04,1.0,44,89799.62
106,Carnegie Mellon,2.74,Sales,Data Scientist,2021-05-20,61.23,1.9,28,97375.22
107,Harvard University,3.87,Customer Support,Data Analyst,2023-02-05,82.18,7.8,48,90061.65
108,Georgia Tech,3.73,Engineering,Sales Representative,2020-11-23,91.76,7.2,36,101046.3
109,Princeton University,3.92,Sales,HR Coordinator,2020-08-09,91.8,5.9,27,74670.68
110,Harvard University,3.59,Customer Support,Customer Support Specialist,2023-09-02,82.35,9.0,41,70236.79
111,Stanford University,3.42,Product,Junior Engineer,2020-10-19,69.17,5.8,48,31045.17
112,Harvard University,3.13,Finance,Sales Representative,2024-02-15,61.99,4.7,30,90961.27
113,Carnegie Mellon,3.9,Sales,Sales Representative,2021-04-11,61.0,3.4,43,79304.6
114,Harvard University,3.8,Finance,HR Coordinator,2022-02-15,46.94,9.4,41,73302.13
115,Stanford University,2.57,Data Science,Product Manager,2024-01-22,81.94,0.8,33,70229.56
116,Carnegie Mellon,2.54,Sales,HR Coordinator,2024-05-04,73.97,9.3,40,74078.01
117,University of Michigan,3.06,Product,Product Manager,2023-03-21,84.09,8.3,41,69094.1
118,CalTech,3.72,Finance,Product Manager,2023-09-09,89.28,1.3,24,61799.15
119,CalTech,3.98,Marketing,Marketing Specialist,2023-01-28,76.0,5.6,36,80989.72
120,Cornell University,2.73,Engineering,Marketing Specialist,2023-03-06,76.46,8.7,23,87103.98
121,University of Michigan,3.39,Marketing,Senior Engineer,2024-10-04,70.36,5.7,42,55735.8
122,University of Michigan,3.07,Customer Support,Financial Analyst,2022-05-31,71.54,9.1,23,64981.61
123,Harvard University,3.95,Product,Financial Analyst,2022-01-27,82.28,9.4,43,69884.46
124,CalTech,3.76,Marketing,Junior Engineer,2023-02-10,73.26,4.2,24,75120.33
125,Stanford University,3.76,Sales,Financial Analyst,2021-01-04,71.81,3.8,27,71795.36
126,UC Berkeley,3.2,Customer Support,Marketing Specialist,2020-05-01,74.82,9.4,36,91493.03
127,UC Berkeley,3.12,Customer Support,Senior Engineer,2022-03-24,83.86,6.8,48,33690.82
128,Carnegie Mellon,2.91,Marketing,Senior Engineer,2023-07-02,68.07,1.2,31,38124.07
129,CalTech,2.58,Data Science,Product Manager,2020-04-23,74.33,0.4,30,79839.23
130,CalTech,3.8,Marketing,HR Coordinator,2020-08-15,77.45,5.6,22,59932.85
131,UC Berkeley,3.72,Data Science,Junior Engineer,2024-04-05,86.6,9.3,37,97106.06
132,CalTech,4.0,Product,Product Manager,2021-05-05,72.61,8.4,27,104245.02
133,Harvard University,3.99,Engineering,HR Coordinator,2023-12-16,67.82,6.8,30,80843.68
134,Princeton University,3.33,Marketing,Financial Analyst,2023-03-12,70.16,1.4,48,48200.63
135,MIT,3.65,HR,Product Manager,2021-10-27,85.53,2.5,25,101364.84
136,University of Michigan,3.92,Data Science,Data Analyst,2023-03-09,95.33,8.8,48,79972.57
137,Cornell University,3.77,Marketing,Financial Analyst,2020-09-09,61.86,1.8,49,37826.6
138,Carnegie Mellon,2.87,Finance,HR Coordinator,2021-06-05,64.05,2.8,23,40037.01
139,Princeton University,3.18,Sales,Junior Engineer,2023-11-30,73.31,1.3,25,112923.67
140,UC Berkeley,2.69,HR,HR Coordinator,2024-01-12,76.11,6.8,22,108778.4
141,University of Michigan,3.93,HR,Product Manager,2020-05-16,82.87,9.4,40,12071.42
142,CalTech,3.41,Data Science,Product Manager,2024-02-16,66.09,2.7,47,41055.23
143,Cornell University,2.84,Finance,Sales Representative,2024-07-02,64.37,4.8,46,103521.39
144,CalTech,3.51,Finance,Junior Engineer,2021-11-16,76.38,6.3,31,74537.69
145,Stanford University,3.43,Customer Support,Data Scientist,2023-10-19,72.42,10.0,42,92546.23
146,Stanford University,3.04,Data Science,Financial Analyst,2022-03-26,84.27,1.0,36,73451.18
147,Cornell University,2.67,Engineering,Senior Engineer,2023-08-30,79.87,5.0,48,91362.31
148,Cornell University,3.51,Sales,Junior Engineer,2020-01-27,80.55,3.9,43,75145.84
149,UC Berkeley,3.28,Product,Senior Engineer,2022-09-20,73.96,8.7,40,64059.79
150,Cornell University,3.66,HR,Junior Engineer,2021-08-31,98.56,4.8,37,101468.6
151,Harvard University,3.28,Product,Junior Engineer,2022-02-19,66.62,1.1,42,80051.37
152,CalTech,3.78,Marketing,HR Coordinator,2022-10-06,81.11,6.3,48,91309.72
153,Princeton University,3.33,Marketing,Junior Engineer,2023-08-26,62.3,7.7,45,78936.2
154,Georgia Tech,3.34,Product,Sales Representative,2020-08-07,64.27,0.0,43,62841.08
155,Cornell University,3.81,Marketing,Data Scientist,2020-09-26,68.93,8.6,25,115209.73
156,Carnegie Mellon,3.11,Engineering,Product Manager,2022-11-21,91.29,1.9,23,83874.21
157,Stanford University,2.7,Finance,Customer Support Specialist,2023-07-08,77.64,5.5,46,66123.78
158,Harvard University,2.54,Marketing,Senior Engineer,2020-04-25,69.1,4.2,34,106958.24
159,University of Michigan,3.63,Customer Support,Product Manager,2023-08-05,78.74,7.2,49,41979.41
160,Georgia Tech,3.43,Marketing,Customer Support Specialist,2020-04-16,75.35,3.7,22,130907.09
161,Princeton University,3.56,Sales,Data Scientist,2024-08-06,70.08,8.7,38,70521.26
162,Georgia Tech,2.82,Engineering,Data Scientist,2022-11-10,61.03,7.3,34,43299.64
163,Cornell University,2.7,Sales,Senior Engineer,2020-07-10,89.39,6.5,25,122648.53
164,UC Berkeley,2.52,Sales,Senior Engineer,2023-12-03,77.1,8.0,28,63420.81
165,Stanford University,3.03,Customer Support,Data Scientist,2023-12-23,96.74,7.5,38,81081.11
166,Stanford University,3.38,Engineering,Customer Support Specialist,2022-10-20,84.4,0.4,30,92942.27
167,University of Michigan,3.09,Engineering,Junior Engineer,2022-10-29,80.51,3.9,25,104604.31
168,UC Berkeley,3.16,Data Science,Financial Analyst,2022-04-04,70.65,9.3,40,82494.36
169,CalTech,3.86,Engineering,Data Analyst,2023-09-06,64.05,1.3,22,58817.11
170,MIT,3.02,Engineering,Product Manager,2022-08-16,72.82,7.4,31,80474.81
171,Harvard University,3.27,Engineering,HR Coordinator,2021-08-12,63.76,9.7,25,64517.11
172,Stanford University,3.68,Customer Support,Product Manager,2020-03-08,81.5,0.5,30,81225.29
173,Carnegie Mellon,3.09,Marketing,HR Coordinator,2020-12-28,91.33,6.8,34,115703.74
174,Stanford University,3.43,Data Science,Customer Support Specialist,2020-04-13,72.39,4.7,35,93898.13
175,Georgia Tech,3.79,Sales,HR Coordinator,2021-07-27,84.44,5.8,31,80166.16
176,Stanford University,3.92,Engineering,Senior Engineer,2020-10-30,68.11,0.9,27,93462.27
177,Stanford University,2.72,HR,Financial Analyst,2024-01-22,71.98,0.4,37,95252.02
178,MIT,3.89,Marketing,Financial Analyst,2024-03-11,66.85,6.7,27,48053.15
179,MIT,3.24,Marketing,Senior Engineer,2020-12-16,53.67,8.2,38,76043.07
180,Princeton University,2.89,Sales,Sales Representative,2023-10-19,74.63,7.8,31,139063.19
181,CalTech,3.19,Customer Support,Customer Support Specialist,2024-07-08,76.28,5.4,39,105320.52
182,Carnegie Mellon,3.97,Product,Sales Representative,2023-12-22,85.66,1.0,48,62414.11
183,Stanford University,3.24,Product,Sales Representative,2021-03-29,82.95,6.9,43,59919.8
184,Stanford University,2.99,Marketing,Product Manager,2021-10-30,83.09,2.4,39,59086.86
185,Harvard University,3.45,Finance,Data Scientist,2024-03-29,65.26,9.1,24,96658.0
186,MIT,2.86,Finance,Product Manager,2023-07-27,79.59,8.4,41,115191.02
187,Carnegie Mellon,2.61,Sales,Data Scientist,2024-11-16,90.83,7.1,48,89554.18
188,University of Michigan,2.69,Product,Data Analyst,2021-06-14,78.8,9.5,42,78929.06
189,Princeton University,2.69,Marketing,HR Coordinator,2023-05-17,93.29,0.3,46,63896.12
190,CalTech,2.73,Customer Support,Data Scientist,2024-10-17,95.19,7.4,49,83234.33
191,UC Berkeley,2.71,Product,Senior Engineer,2023-01-20,72.32,3.3,36,54496.96
192,CalTech,3.46,Marketing,Product Manager,2023-04-14,68.03,9.1,36,26605.86
193,Georgia Tech,2.77,Marketing,Customer Support Specialist,2020-12-06,67.39,2.7,25,115920.64
194,Stanford University,3.02,Engineering,HR Coordinator,2021-09-03,59.84,7.2,48,49854.68
195,Princeton University,3.85,Customer Support,Data Analyst,2021-07-07,69.82,8.8,30,66879.19
196,Georgia Tech,3.21,Engineering,Data Scientist,2020-04-09,87.08,0.4,48,91408.94
197,Carnegie Mellon,3.5,Sales,Data Analyst,2020-11-03,52.96,4.0,47,110861.67
198,UC Berkeley,2.76,Engineering,Customer Support Specialist,2024-07-17,64.63,7.6,40,81428.27
199,MIT,2.79,HR,Sales Representative,2021-12-03,73.73,4.5,45,45157.23
200,Princeton University,2.56,Engineering,Financial Analyst,2022-02-01,66.23,2.7,49,67466.34
201,Princeton University,2.75,HR,Customer Support Specialist,2022-04-25,69.73,2.2,38,58037.86
202,Stanford University,2.92,Product,Marketing Specialist,2020-08-31,69.88,1.3,32,74044.72
203,Cornell University,2.77,Finance,Customer Support Specialist,2024-09-16,72.42,8.6,46,105799.61
204,Princeton University,2.63,Data Science,Data Analyst,2023-10-26,67.71,5.8,30,11565.29
205,Harvard University,2.68,Data Science,Senior Engineer,2020-12-30,66.89,0.8,31,64715.25
206,UC Berkeley,3.19,Marketing,Product Manager,2020-04-04,84.34,3.8,39,62898.76
207,UC Berkeley,2.81,Data Science,Senior Engineer,2023-04-30,85.5,3.7,41,43580.97
208,Harvard University,3.05,HR,Data Analyst,2022-07-23,61.19,1.8,34,89637.27
209,University of Michigan,3.26,Customer Support,Product Manager,2024-07-21,47.4,4.4,29,39625.6
210,Harvard University,3.54,Engineering,Marketing Specialist,2022-05-12,85.63,3.3,28,42502.64
211,Harvard University,2.56,HR,Financial Analyst,2020-10-30,62.71,3.4,38,96276.73
212,UC Berkeley,3.7,Customer Support,HR Coordinator,2021-07-17,77.13,7.4,42,112514.28
213,CalTech,3.44,Finance,Data Analyst,2019-12-13,59.34,2.2,44,73097.58
214,UC Berkeley,2.62,Data Science,Data Scientist,2020-01-02,87.98,6.4,36,44565.1
215,Cornell University,3.81,Finance,Data Analyst,2024-03-07,100.0,5.7,41,57361.15
216,Stanford University,3.88,Data Science,Data Analyst,2020-08-20,76.83,5.7,36,100200.05
217,Georgia Tech,2.59,Engineering,Product Manager,2022-09-27,74.06,6.6,22,77910.96
218,CalTech,2.92,Sales,Junior Engineer,2024-03-20,71.78,5.5,46,72474.03
219,MIT,3.71,Engineering,Customer Support Specialist,2022-08-29,82.82,8.8,35,82826.24
220,Georgia Tech,3.62,Product,Junior Engineer,2021-04-25,80.68,6.8,26,74058.5
221,Stanford University,2.78,HR,Marketing Specialist,2024-06-17,85.03,5.5,32,113642.81
222,Cornell University,2.81,Marketing,Data Scientist,2024-08-25,68.72,8.3,37,56271.42
223,Cornell University,3.06,Sales,Financial Analyst,2019-12-19,78.4,6.1,23,53401.02
224,MIT,3.23,Engineering,Sales Representative,2022-08-18,69.58,2.9,29,40413.66
225,CalTech,3.43,Customer Support,Marketing Specialist,2021-10-21,64.42,2.1,32,61500.31
226,University of Michigan,3.05,Sales,Sales Representative,2023-12-28,74.59,1.5,39,47700.61
227,Harvard University,3.19,HR,Sales Representative,2022-08-29,65.77,9.0,24,80451.89
228,CalTech,3.62,Data Science,Financial Analyst,2024-04-04,86.74,7.1,47,75523.68
229,University of Michigan,2.56,Sales,Senior Engineer,2023-11-13,66.38,9.4,22,48023.11
230,Cornell University,2.88,Data Science,Junior Engineer,2020-11-29,78.64,6.0,32,89728.48
231,UC Berkeley,3.57,HR,Data Analyst,2022-06-13,68.97,4.7,37,112920.32
232,Stanford University,3.84,Engineering,HR Coordinator,2023-08-03,77.77,0.6,39,83945.96
233,MIT,3.27,HR,Sales Representative,2022-06-10,69.76,6.7,37,11412.55
234,Stanford University,3.3,Sales,Data Scientist,2022-01-14,62.43,5.8,44,124678.27
235,Carnegie Mellon,2.66,Customer Support,Marketing Specialist,2020-04-26,79.84,9.9,31,93673.09
236,Carnegie Mellon,3.17,Finance,Senior Engineer,2021-10-14,72.65,2.4,39,123910.46
237,CalTech,3.3,Sales,Sales Representative,2023-08-04,77.86,5.3,27,102268.09
238,Cornell University,2.86,HR,Senior Engineer,2021-01-12,70.71,6.5,40,107262.89
239,Cornell University,2.9,Finance,Senior Engineer,2022-05-26,61.72,6.4,25,80131.67
240,Harvard University,3.07,HR,Sales Representative,2022-03-10,85.83,5.6,48,68442.6
241,Harvard University,2.53,Customer Support,Product Manager,2022-04-09,82.37,7.8,34,84337.03
242,Harvard University,2.98,HR,Customer Support Specialist,2023-06-10,69.33,2.0,45,57280.37
243,UC Berkeley,2.82,Engineering,Data Scientist,2021-11-21,75.7,7.3,35,85847.02
244,Georgia Tech,2.99,Marketing,Data Analyst,2020-07-08,85.42,6.2,24,9330.34
245,Princeton University,2.68,Data Science,Data Analyst,2021-08-19,70.43,9.0,31,76073.31
246,Georgia Tech,3.84,Data Science,Data Scientist,2022-01-27,71.98,8.5,27,108616.9
247,Stanford University,3.39,Sales,Product Manager,2019-12-01,77.44,3.2,22,77357.71
248,Georgia Tech,3.52,Marketing,Data Analyst,2024-07-23,70.41,2.8,44,118187.07
249,UC Berkeley,3.68,HR,Senior Engineer,2020-06-10,83.57,9.8,45,68406.37
250,Stanford University,3.25,Customer Support,Financial Analyst,2024-08-28,73.31,5.3,48,100066.27
251,Georgia Tech,2.63,Sales,Marketing Specialist,2020-04-26,67.16,9.1,35,53043.25
252,UC Berkeley,3.31,HR,Junior Engineer,2023-06-04,81.09,1.6,29,99048.92
253,Princeton University,3.38,Finance,Data Analyst,2022-08-05,63.58,6.4,40,80814.87
254,Georgia Tech,3.62,Product,Data Scientist,2020-08-25,95.15,8.1,35,69506.24
255,UC Berkeley,3.15,HR,Financial Analyst,2020-04-21,90.82,9.5,31,10652.95
256,Harvard University,2.69,Marketing,Sales Representative,2022-03-15,80.13,3.4,38,68640.58
257,Cornell University,2.93,Sales,Customer Support Specialist,2023-09-08,79.29,7.2,30,80336.33
258,Harvard University,3.04,Marketing,Data Scientist,2023-11-04,78.82,5.4,27,95717.74
259,Cornell University,3.47,Sales,Senior Engineer,2023-01-26,70.11,0.6,32,114023.74
260,MIT,3.36,HR,Customer Support Specialist,2024-10-16,77.97,6.9,46,125875.82
261,MIT,3.03,Engineering,Marketing Specialist,2024-03-19,65.77,6.9,28,106156.68
262,MIT,3.98,Finance,Marketing Specialist,2021-10-01,80.04,9.3,38,60947.74
263,Princeton University,3.41,HR,Product Manager,2021-12-10,83.68,5.0,49,67379.9
264,Harvard University,2.86,Data Science,HR Coordinator,2023-02-04,71.22,2.3,49,93472.89
265,Cornell University,2.65,Marketing,Product Manager,2023-08-19,69.05,0.4,22,87990.36
266,UC Berkeley,2.73,Product,Financial Analyst,2024-02-15,62.88,4.2,43,115708.65
267,Stanford University,2.87,Product,Customer Support Specialist,2022-02-21,89.58,3.0,26,136984.74
268,UC Berkeley,2.74,Customer Support,HR Coordinator,2020-09-09,69.84,7.6,30,131679.5
269,Stanford University,2.78,Sales,Sales Representative,2020-10-29,73.01,3.5,39,112348.45
270,Carnegie Mellon,2.93,Marketing,Senior Engineer,2022-10-12,78.0,9.5,45,88197.57
271,UC Berkeley,2.76,Customer Support,Customer Support Specialist,2023-12-19,77.82,9.6,48,108733.13
272,Georgia Tech,3.85,Marketing,Product Manager,2023-02-25,82.47,6.2,42,116536.03
273,Georgia Tech,2.62,Data Science,Junior Engineer,2023-11-12,71.21,9.3,23,71317.49
274,CalTech,3.29,Sales,HR Coordinator,2019-12-22,63.61,7.6,47,61683.48
275,Harvard University,3.12,HR,HR Coordinator,2023-01-08,61.86,5.5,32,55814.47
276,Stanford University,3.97,HR,Senior Engineer,2021-05-31,69.21,1.8,48,53090.38
277,Stanford University,2.67,Product,Data Analyst,2021-12-14,65.48,4.6,49,40450.12
278,Harvard University,3.1,HR,Marketing Specialist,2020-11-02,71.96,5.6,27,81247.54
279,Princeton University,3.95,HR,Marketing Specialist,2023-08-29,88.08,8.6,47,50006.18
280,CalTech,3.8,Data Science,Junior Engineer,2022-03-21,71.23,4.8,29,55411.95
281,Princeton University,3.73,Engineering,Financial Analyst,2024-09-06,71.22,9.0,25,92531.39
282,Princeton University,2.89,Product,Financial Analyst,2021-11-01,74.84,6.7,39,79540.23
283,Princeton University,2.76,Customer Support,Sales Representative,2024-07-02,70.94,1.4,49,85740.62
284,Harvard University,3.5,Finance,Customer Support Specialist,2021-03-16,74.33,9.9,32,109128.72
285,Princeton University,3.89,Engineering,Data Scientist,2021-09-05,80.41,5.3,26,96613.25
286,Georgia Tech,3.34,Customer Support,Data Analyst,2024-05-22,83.85,3.9,36,112972.16
287,MIT,3.36,Sales,Product Manager,2020-10-02,85.03,6.6,49,76999.41
288,Carnegie Mellon,2.92,Engineering,Data Scientist,2022-06-29,95.57,1.1,39,115294.76
289,Stanford University,3.65,Data Science,Data Scientist,2024-03-10,80.69,6.4,23,83993.42
290,Stanford University,2.78,Customer Support,HR Coordinator,2021-11-20,97.34,5.0,43,79217.66
291,Carnegie Mellon,2.99,Sales,Junior Engineer,2023-10-25,67.24,4.1,32,111538.16
292,Harvard University,3.14,Product,Marketing Specialist,2022-10-26,95.91,9.5,47,53196.16
293,UC Berkeley,3.26,Finance,Sales Representative,2023-03-30,71.2,5.2,46,125590.01
294,Harvard University,2.86,Sales,Financial Analyst,2021-05-24,72.18,2.2,34,67947.5
295,Stanford University,2.67,HR,Junior Engineer,2019-12-29,73.8,4.6,25,44547.3
296,Stanford University,3.42,Marketing,HR Coordinator,2020-06-03,72.81,9.2,43,91337.55
297,Carnegie Mellon,2.93,Sales,Product Manager,2020-08-05,75.86,1.8,28,65566.96
298,Princeton University,3.37,Sales,Sales Representative,2022-10-05,69.2,2.1,32,125645.18
299,Harvard University,2.73,Finance,HR Coordinator,2024-08-19,83.3,0.1,43,64177.48
300,Cornell University,3.22,Marketing,Marketing Specialist,2021-02-14,69.47,0.1,45,82861.22
301,Carnegie Mellon,3.3,HR,Marketing Specialist,2021-01-24,81.56,8.3,25,39360.17
302,Georgia Tech,2.58,Customer Support,Marketing Specialist,2022-08-31,90.28,7.3,49,95322.86
303,Stanford University,3.0,Customer Support,Junior Engineer,2021-07-02,71.43,3.6,36,55565.25
304,Carnegie Mellon,2.7,Sales,Junior Engineer,2022-08-31,82.94,7.0,22,92333.12
305,Harvard University,2.6,Data Science,Financial Analyst,2023-10-05,80.59,4.0,44,64291.37
306,Stanford University,3.98,Data Science,Financial Analyst,2024-07-27,97.53,9.5,24,23826.63
307,UC Berkeley,2.98,Marketing,Product Manager,2023-10-03,69.95,9.7,35,78279.75
308,Carnegie Mellon,3.71,Marketing,Sales Representative,2021-06-22,82.95,3.9,27,77160.71
309,CalTech,2.88,HR,Senior Engineer,2020-03-20,58.74,8.5,39,97026.79
310,Stanford University,3.52,Finance,Senior Engineer,2021-12-07,70.04,7.7,46,113900.01
311,Harvard University,3.64,Product,HR Coordinator,2020-10-11,78.53,3.1,22,122810.24
312,MIT,3.39,Customer Support,Marketing Specialist,2020-05-21,88.93,2.3,27,96603.86
313,Cornell University,3.21,Finance,Sales Representative,2020-03-07,62.74,4.6,27,81965.48
314,University of Michigan,3.12,Engineering,Data Scientist,2020-07-14,82.86,7.8,42,39316.66
315,Princeton University,3.02,Customer Support,Junior Engineer,2022-10-22,74.37,9.6,37,80050.52
316,University of Michigan,3.89,Finance,Customer Support Specialist,2023-08-03,59.78,7.6,26,80373.5
317,Harvard University,3.75,Customer Support,Data Analyst,2023-06-28,76.82,8.6,38,70033.99
318,Georgia Tech,3.95,Product,Product Manager,2024-06-26,92.09,6.0,31,90824.19
319,Georgia Tech,2.69,Engineering,Marketing Specialist,2024-08-28,63.8,8.4,49,103047.64
320,MIT,3.6,Data Science,Marketing Specialist,2022-03-22,73.9,7.8,42,54539.9
321,Princeton University,3.91,Data Science,Marketing Specialist,2020-08-31,65.13,3.8,39,54150.39
322,CalTech,2.77,Product,Junior Engineer,2023-08-31,70.31,5.5,28,71517.7
323,MIT,2.6,HR,Junior Engineer,2020-01-29,89.32,8.0,24,59619.27
324,University of Michigan,3.61,Engineering,Data Analyst,2023-04-10,72.28,0.5,34,33968.67
325,MIT,3.36,Sales,Data Scientist,2020-05-04,89.02,8.1,36,50085.18
326,University of Michigan,3.76,Finance,Sales Representative,2023-07-07,86.09,1.8,41,44191.97
327,Stanford University,2.71,Engineering,Marketing Specialist,2021-08-09,71.37,5.1,40,105211.26
328,Georgia Tech,3.69,HR,Senior Engineer,2023-11-08,69.97,8.1,24,117570.68
329,Stanford University,2.8,HR,Financial Analyst,2020-07-14,66.04,2.5,25,47614.16
330,Cornell University,2.75,Product,Senior Engineer,2020-02-08,65.69,2.5,26,88651.84
331,Princeton University,2.75,Customer Support,HR Coordinator,2023-10-20,78.53,4.0,22,96837.91
332,CalTech,3.72,Engineering,Senior Engineer,2024-03-27,74.8,8.9,25,37693.28
333,University of Michigan,3.5,Finance,HR Coordinator,2022-11-17,68.76,0.0,33,79024.47
334,CalTech,3.28,Engineering,Customer Support Specialist,2020-06-27,59.51,9.0,49,138337.9
335,University of Michigan,3.04,Marketing,Financial Analyst,2023-02-06,76.06,1.5,48,91928.67
336,Harvard University,3.82,Customer Support,Senior Engineer,2023-02-17,70.3,9.9,45,68867.49
337,MIT,3.09,Finance,Customer Support Specialist,2020-10-25,73.05,9.5,31,60995.34
338,Cornell University,3.72,Data Science,Product Manager,2020-12-12,78.05,4.9,44,24438.46
339,Georgia Tech,3.16,Finance,Sales Representative,2022-06-11,49.98,5.1,46,86761.84
340,University of Michigan,3.07,Sales,Customer Support Specialist,2024-09-24,59.67,4.8,42,123695.42
341,CalTech,3.19,Product,Sales Representative,2022-01-26,97.96,6.4,47,54661.41
342,Cornell University,2.95,Sales,Senior Engineer,2024-04-29,69.93,0.9,41,26610.38
343,UC Berkeley,3.62,Finance,Data Scientist,2024-03-31,49.83,0.3,45,58394.4
344,UC Berkeley,3.25,Customer Support,Customer Support Specialist,2023-07-24,60.5,0.6,46,97039.99
345,Stanford University,2.85,Engineering,Financial Analyst,2021-07-10,99.84,4.4,34,64287.5
346,Georgia Tech,3.85,Data Science,Senior Engineer,2020-03-17,67.97,2.8,44,54488.3
347,Harvard University,3.08,Engineering,Marketing Specialist,2023-12-26,86.59,6.2,35,75478.87
348,CalTech,3.32,Customer Support,Junior Engineer,2024-06-08,76.21,9.9,44,80742.52
349,MIT,3.86,Finance,Customer Support Specialist,2023-01-26,70.15,3.9,26,40290.25
350,MIT,3.44,HR,Financial Analyst,2024-06-17,82.75,5.7,25,69567.91
351,CalTech,2.68,Engineering,Product Manager,2023-08-21,51.16,4.2,35,62568.31
352,Princeton University,3.91,HR,Marketing Specialist,2022-03-09,60.59,8.5,31,58977.39
353,Harvard University,3.44,Engineering,Product Manager,2023-07-20,70.08,9.0,38,49574.08
354,Cornell University,3.0,Engineering,Senior Engineer,2022-12-29,61.57,8.8,31,98531.45
355,University of Michigan,2.71,Data Science,Junior Engineer,2023-10-30,69.19,9.7,47,58890.33
356,Princeton University,3.69,Product,Customer Support Specialist,2022-12-26,83.54,0.3,28,25126.37
357,University of Michigan,3.43,Product,Customer Support Specialist,2024-01-25,76.32,8.4,37,81607.45
358,University of Michigan,3.3,Marketing,Data Scientist,2020-01-02,88.31,7.5,22,93129.99
359,Princeton University,3.84,Sales,Data Scientist,2024-05-29,76.95,2.3,38,55099.6
360,Stanford University,3.68,Customer Support,Senior Engineer,2023-03-10,84.92,9.6,42,61008.43
361,UC Berkeley,2.73,Customer Support,Senior Engineer,2019-12-07,74.36,1.5,30,58773.66
362,University of Michigan,2.97,Customer Support,Junior Engineer,2023-07-07,69.1,6.8,27,66333.67
363,Princeton University,2.87,Marketing,Data Scientist,2020-03-02,89.81,2.2,40,102671.25
364,Princeton University,3.62,Product,Financial Analyst,2023-06-01,67.91,4.3,34,72148.52
365,Carnegie Mellon,2.55,Finance,Financial Analyst,2020-07-24,78.44,7.2,24,95989.84
366,Stanford University,3.35,HR,Junior Engineer,2023-03-15,82.69,5.6,28,50779.21
367,Georgia Tech,3.64,Data Science,Financial Analyst,2020-01-06,83.41,4.3,43,65407.74
368,Carnegie Mellon,3.82,HR,HR Coordinator,2023-04-14,63.35,3.3,30,98850.35
369,Carnegie Mellon,3.01,Finance,Sales Representative,2022-11-15,85.52,8.4,43,54859.87
370,CalTech,3.73,Data Science,Junior Engineer,2021-06-26,65.21,1.4,26,100303.41
371,UC Berkeley,2.67,Marketing,Junior Engineer,2020-01-25,83.11,4.3,31,59290.4
372,Princeton University,3.77,Finance,Data Analyst,2020-02-06,80.35,9.0,44,66958.44
373,UC Berkeley,2.69,Customer Support,Marketing Specialist,2020-11-29,83.19,8.5,38,116754.06
374,Harvard University,3.1,Sales,Marketing Specialist,2020-12-13,62.95,4.0,33,64104.53
375,CalTech,3.7,Engineering,HR Coordinator,2023-05-24,80.88,7.6,44,78633.65
376,Georgia Tech,2.72,HR,Data Scientist,2024-11-07,85.86,8.2,37,90410.91
377,UC Berkeley,2.84,Product,Senior Engineer,2023-05-24,76.93,8.9,24,80662.72
378,MIT,3.58,Product,Senior Engineer,2023-10-28,66.81,5.4,46,81376.33
379,University of Michigan,3.58,Marketing,Product Manager,2023-03-14,84.2,2.0,43,73586.51
380,Harvard University,3.46,Data Science,HR Coordinator,2024-08-15,76.14,2.6,30,42444.02
381,Stanford University,3.54,Product,Junior Engineer,2024-05-20,58.26,3.0,36,83707.23
382,Georgia Tech,3.31,Customer Support,HR Coordinator,2024-11-11,66.04,5.9,26,56688.29
383,Harvard University,2.88,HR,HR Coordinator,2021-10-11,69.74,0.3,44,94394.18
384,University of Michigan,3.02,Finance,HR Coordinator,2023-11-01,90.06,6.4,34,109301.54
385,CalTech,2.77,Customer Support,Marketing Specialist,2023-09-30,88.3,3.6,35,29861.07
386,University of Michigan,3.86,Marketing,HR Coordinator,2024-07-22,88.27,3.0,41,109345.2
387,Carnegie Mellon,3.38,Customer Support,Sales Representative,2021-10-01,77.32,8.8,36,64723.56
388,University of Michigan,3.1,Finance,Senior Engineer,2023-05-06,84.14,4.6,37,71726.27
389,Carnegie Mellon,3.19,Sales,Product Manager,2020-07-28,63.59,1.0,44,52190.31
390,CalTech,3.92,Marketing,Sales Representative,2024-10-30,75.07,8.3,34,79711.69
391,Cornell University,2.73,Sales,Product Manager,2021-11-03,79.52,0.5,38,76670.37
392,Carnegie Mellon,3.38,Engineering,Data Analyst,2022-01-29,64.25,7.3,44,101923.07
393,Stanford University,3.26,Sales,Product Manager,2024-03-31,77.1,7.7,29,56465.17
394,University of Michigan,3.42,Engineering,Senior Engineer,2024-04-10,91.87,3.5,42,116520.06
395,University of Michigan,2.53,Engineering,Senior Engineer,2022-10-01,80.59,8.2,23,91617.85
396,Stanford University,3.81,Sales,HR Coordinator,2021-04-30,84.18,5.2,26,77274.22
397,MIT,3.9,Marketing,Customer Support Specialist,2022-12-14,50.48,4.6,27,70480.39
398,Princeton University,3.35,Data Science,Data Analyst,2022-10-31,90.58,0.5,33,67335.76
399,Cornell University,3.54,Finance,Junior Engineer,2022-09-18,73.14,2.9,39,68966.41
400,Georgia Tech,3.88,Customer Support,Financial Analyst,2022-10-14,67.31,9.3,43,79210.05
401,Carnegie Mellon,3.56,Customer Support,Product Manager,2022-12-03,73.25,3.9,43,69775.0
402,Stanford University,2.73,Finance,Customer Support Specialist,2024-05-12,60.15,5.5,22,58986.76
403,CalTech,3.36,HR,HR Coordinator,2022-04-28,85.48,5.3,38,79361.48
404,Carnegie Mellon,3.41,HR,Marketing Specialist,2024-09-10,71.65,5.9,32,54092.8
405,Princeton University,3.14,Engineering,Junior Engineer,2022-04-17,67.61,0.6,31,83061.67
406,CalTech,3.6,Engineering,Data Scientist,2022-07-26,73.32,3.6,40,69423.32
407,Harvard University,3.9,Marketing,Customer Support Specialist,2021-08-19,86.18,7.2,35,92418.27
408,University of Michigan,3.89,Product,Marketing Specialist,2023-08-19,76.31,2.0,47,99726.86
409,Harvard University,3.18,Sales,Data Analyst,2023-04-27,60.9,2.0,31,99717.01
410,Carnegie Mellon,2.67,Engineering,HR Coordinator,2020-12-19,79.65,0.1,36,82952.63
411,Princeton University,3.98,Customer Support,Junior Engineer,2022-05-03,65.71,4.4,49,85870.78
412,Cornell University,3.76,Marketing,Junior Engineer,2023-09-06,53.44,8.8,40,66931.22
413,Carnegie Mellon,2.69,Sales,Junior Engineer,2024-09-02,89.96,0.5,25,91940.99
414,Stanford University,3.88,Marketing,Data Analyst,2024-08-19,79.57,1.9,23,94762.53
415,UC Berkeley,3.8,Sales,Product Manager,2022-01-31,74.22,3.1,30,35816.77
416,Carnegie Mellon,3.28,Sales,Data Scientist,2022-08-06,71.54,7.3,31,84458.68
417,University of Michigan,3.39,Finance,Data Analyst,2021-07-23,88.97,6.4,49,109203.25
418,University of Michigan,3.1,Engineering,Financial Analyst,2020-09-21,100.0,4.2,32,66092.74
419,Carnegie Mellon,2.58,Data Science,Data Scientist,2024-09-02,79.49,7.6,35,60636.33
420,CalTech,3.0,Marketing,Senior Engineer,2024-10-16,64.7,6.1,28,64503.41
421,UC Berkeley,3.7,Data Science,HR Coordinator,2021-01-19,73.46,9.0,44,37378.1
422,Stanford University,2.51,Marketing,Data Analyst,2020-05-28,79.31,8.2,36,78149.6
423,Carnegie Mellon,3.0,Finance,Marketing Specialist,2020-11-30,51.5,2.5,43,75749.14
424,CalTech,3.1,Customer Support,Data Scientist,2023-10-17,78.34,2.7,40,79925.67
425,University of Michigan,3.31,Data Science,Financial Analyst,2020-10-13,79.36,1.3,43,85399.42
426,University of Michigan,3.88,Customer Support,Senior Engineer,2023-02-03,88.26,3.4,36,55050.16
427,Princeton University,3.02,HR,Product Manager,2022-01-22,87.22,10.0,49,81829.98
428,Carnegie Mellon,3.02,Engineering,Marketing Specialist,2020-05-04,76.11,4.1,45,86079.97
429,UC Berkeley,3.61,Engineering,Data Scientist,2024-07-03,90.15,2.2,29,62790.21
430,MIT,3.18,Product,HR Coordinator,2024-02-25,95.36,7.6,32,85502.95
431,UC Berkeley,2.84,Finance,Marketing Specialist,2024-04-10,75.28,5.4,30,77017.67
432,University of Michigan,3.18,Customer Support,Senior Engineer,2023-11-28,79.18,1.5,36,59220.26
433,University of Michigan,2.71,Sales,Marketing Specialist,2021-06-25,57.33,3.8,22,82069.72
434,Harvard University,2.76,Marketing,Sales Representative,2020-04-28,60.49,4.1,22,67732.23
435,University of Michigan,3.25,Engineering,Customer Support Specialist,2023-09-19,66.62,7.5,40,92426.63
436,Stanford University,3.13,Data Science,Product Manager,2023-10-26,70.56,0.2,24,69020.84
437,Georgia Tech,3.87,Marketing,Senior Engineer,2021-07-12,64.04,2.7,31,42755.86
438,Carnegie Mellon,3.04,Marketing,Marketing Specialist,2021-01-13,74.64,5.2,29,81674.67
439,UC Berkeley,3.37,Product,Customer Support Specialist,2023-07-18,70.86,2.7,36,80735.08
440,Georgia Tech,3.45,Customer Support,Customer Support Specialist,2023-06-07,85.71,6.3,31,47971.57
441,CalTech,2.52,Engineering,Marketing Specialist,2023-05-15,70.25,4.8,22,93763.4
442,MIT,3.5,Marketing,HR Coordinator,2020-10-05,52.13,3.6,39,92455.52
443,Stanford University,2.77,Engineering,Sales Representative,2023-09-13,76.26,9.5,23,53250.5
444,UC Berkeley,3.94,Sales,Data Analyst,2021-05-23,74.86,6.3,40,58509.34
445,Georgia Tech,2.72,Product,Sales Representative,2022-10-17,66.38,1.3,34,71449.81
446,MIT,3.12,Sales,Marketing Specialist,2023-12-14,75.95,5.6,43,56028.7
447,Harvard University,2.63,Engineering,Product Manager,2021-02-21,64.25,7.8,22,91009.93
448,Stanford University,4.0,HR,Data Analyst,2023-06-27,78.3,7.1,23,78724.3
449,Stanford University,3.25,Data Science,Senior Engineer,2021-03-25,100.0,1.7,37,47661.07
450,Harvard University,3.39,Engineering,Sales Representative,2024-07-13,56.94,9.7,36,54438.23
451,Carnegie Mellon,2.6,Customer Support,Marketing Specialist,2020-08-07,69.84,4.5,34,104692.98
452,Harvard University,3.62,Marketing,Sales Representative,2020-05-26,68.23,1.6,37,113389.06
453,Stanford University,2.81,Marketing,Data Analyst,2022-03-12,70.67,1.8,38,88468.22
454,Stanford University,3.85,Sales,Financial Analyst,2023-11-26,85.2,1.0,42,69718.12
455,Georgia Tech,2.81,Data Science,Data Scientist,2021-07-03,80.43,8.0,28,64000.93
456,University of Michigan,2.79,Product,Sales Representative,2021-03-08,83.49,1.2,45,88742.49
457,MIT,2.55,HR,Senior Engineer,2021-06-30,75.3,1.3,47,76898.01
458,Harvard University,3.21,Finance,Senior Engineer,2020-05-01,61.78,8.5,38,34748.21
459,MIT,3.35,Data Science,Junior Engineer,2020-01-02,63.85,3.4,28,100796.7
460,Harvard University,2.6,Marketing,Sales Representative,2023-12-04,82.46,0.3,34,108645.08
461,CalTech,3.66,Customer Support,Data Scientist,2022-05-22,76.71,0.5,26,93431.31
462,Stanford University,3.18,Data Science,HR Coordinator,2024-01-04,87.6,1.4,47,47709.72
463,University of Michigan,3.29,Sales,Customer Support Specialist,2022-04-11,77.93,2.1,38,59079.34
464,Georgia Tech,3.16,Sales,Data Scientist,2023-08-23,63.17,6.7,24,28557.0
465,University of Michigan,3.1,Finance,Customer Support Specialist,2022-04-27,69.78,1.6,28,114901.21
466,University of Michigan,3.34,Customer Support,Customer Support Specialist,2022-04-10,80.65,1.2,47,66081.54
467,University of Michigan,2.73,Product,Financial Analyst,2020-07-27,82.1,7.6,38,133332.23
468,MIT,2.77,Data Science,Junior Engineer,2021-01-22,83.55,6.7,28,123880.75
469,Harvard University,3.79,Customer Support,Data Scientist,2022-08-15,64.51,4.4,42,52414.34
470,Cornell University,3.92,Product,Data Scientist,2020-06-28,62.99,5.5,22,57293.31
471,CalTech,3.06,Customer Support,Financial Analyst,2020-06-01,73.1,3.1,38,86654.76
472,UC Berkeley,2.91,Customer Support,Sales Representative,2024-06-12,89.4,4.8,38,31136.45
473,University of Michigan,3.47,Engineering,Sales Representative,2024-04-25,68.06,5.1,32,64043.52
474,Carnegie Mellon,3.11,Sales,Sales Representative,2023-11-16,79.55,3.9,46,61546.02
475,MIT,2.54,Data Science,Product Manager,2024-08-01,79.55,9.1,48,121279.15
476,Georgia Tech,2.73,Customer Support,Customer Support Specialist,2024-05-22,82.61,0.2,24,79025.45
477,UC Berkeley,3.57,Data Science,Product Manager,2022-10-23,91.64,7.8,36,67880.83
478,Cornell University,3.49,Finance,Junior Engineer,2023-11-24,90.62,1.2,42,59212.88
479,Carnegie Mellon,2.54,Customer Support,Financial Analyst,2019-12-23,69.05,8.0,32,97351.24
480,Cornell University,2.83,Marketing,Data Scientist,2024-07-02,54.02,6.2,47,62582.23
481,UC Berkeley,2.85,Sales,Customer Support Specialist,2020-04-03,68.21,8.4,49,73742.93
482,University of Michigan,3.51,Marketing,Product Manager,2023-02-15,75.76,1.0,37,59021.91
483,Carnegie Mellon,2.53,Data Science,Product Manager,2020-10-08,71.38,5.6,46,37061.57
484,Cornell University,2.66,Data Science,Marketing Specialist,2022-10-20,94.68,5.0,43,50099.12
485,Georgia Tech,3.7,Sales,Product Manager,2023-11-20,75.19,7.1,49,62450.71
486,Harvard University,2.77,Data Science,HR Coordinator,2022-10-09,81.54,5.3,30,68418.63
487,Stanford University,3.48,Marketing,Data Scientist,2020-03-17,77.17,5.4,45,69514.4
488,Harvard University,2.86,Customer Support,HR Coordinator,2024-06-21,71.53,4.3,45,72777.01
489,UC Berkeley,2.65,Customer Support,Data Scientist,2023-12-13,55.75,3.1,22,62782.81
490,MIT,2.86,Engineering,Financial Analyst,2021-04-26,74.21,4.8,46,108728.16
491,Stanford University,3.58,Finance,Data Scientist,2021-04-26,100.0,1.2,43,98699.6
492,CalTech,3.78,Data Science,HR Coordinator,2022-06-20,62.56,9.6,37,71622.27
493,Georgia Tech,3.75,Marketing,Data Scientist,2021-06-27,56.85,7.1,30,81356.46
494,CalTech,3.1,Data Science,Financial Analyst,2023-06-24,94.36,9.5,40,65697.79
495,Carnegie Mellon,3.5,Data Science,Financial Analyst,2023-06-25,82.42,2.3,33,3912.87
496,Stanford University,2.81,Product,Junior Engineer,2022-10-07,76.87,8.8,40,75512.33
497,CalTech,2.94,Engineering,Data Scientist,2024-02-29,88.63,8.1,43,82640.36
498,CalTech,3.84,Marketing,Marketing Specialist,2022-05-07,66.68,6.8,30,34683.46
499,Cornell University,2.52,Marketing,Sales Representative,2021-01-02,73.93,6.3,28,87485.28
500,Harvard University,2.63,Data Science,Senior Engineer,2024-05-29,84.55,3.2,35,67985.58
